structure,pol,delta_nm,sphere,peak,lambda_nm,hv_eV,Pabs_peak_eVps,Ne_eps0.5_tau100fs,Ne_eps0.5_tau500fs,Ne_eps0.5_tau1000fs,Ne_eps0.5_max_over_tau,Ne_eps1.0_tau100fs,Ne_eps1.0_tau500fs,Ne_eps1.0_tau1000fs,Ne_eps1.0_max_over_tau,Ne_eps2.0_tau100fs,Ne_eps2.0_tau500fs,Ne_eps2.0_tau1000fs,Ne_eps2.0_max_over_tau
2,Ey(kx),1.7555555555555555,1,1,351.30814101644046,3.5316582914572865,5410.1324700242985,0.8803716953106725,0.8994385211232074,0.9006010611150705,0.9009370804251728,0.7077840839971958,0.6681658298103652,0.6671942954826632,0.7155422744437152,0.5407132305134259,0.5286928208594005,0.5295058941226229,0.5407132305134259
2,Ey(kx),1.7555555555555555,1,2,329.0236693848006,3.770854271356784,378.2106971558902,0.7424402260794759,0.8100381190212955,0.824297330976786,0.828390455911787,0.48212917645417164,0.4989260389878976,0.5298120683845696,0.539506302492049,0.3134469688422241,0.3409601741640271,0.3639403205725696,0.36971469898067283
2,Ey(kx),1.7555555555555555,2,1,351.30814101644046,3.5316582914572865,5410.132470024298,0.8803716953106724,0.8994385211232075,0.9006010611150707,0.9009370804251727,0.7077840839971957,0.6681658298103652,0.6671942954826632,0.7155422744437152,0.5407132305134258,0.5286928208594003,0.5295058941226227,0.5407132305134258
2,Ey(kx),1.7555555555555555,2,2,329.0236693848006,3.770854271356784,378.21069715589016,0.7424402260794761,0.8100381190212944,0.8242973309767854,0.8283904559117862,0.4821291764541715,0.4989260389878961,0.5298120683845683,0.5395063024920472,0.313446968842224,0.34096017416402546,0.36394032057256787,0.3697146989806709
