structure,pol,delta_nm,sphere,peak,lambda_nm,hv_eV,Pabs_peak_eVps,Ne_eps0.5_tau100fs,Ne_eps0.5_tau500fs,Ne_eps0.5_tau1000fs,Ne_eps0.5_max_over_tau,Ne_eps1.0_tau100fs,Ne_eps1.0_tau500fs,Ne_eps1.0_tau1000fs,Ne_eps1.0_max_over_tau,Ne_eps2.0_tau100fs,Ne_eps2.0_tau500fs,Ne_eps2.0_tau1000fs,Ne_eps2.0_max_over_tau
2,Ey(kx),2.377777777777778,1,1,347.8435636888622,3.566834170854271,5410.553609517446,0.855146581063552,0.9867793549276357,0.9965368079412725,0.9984376363061029,0.8191981760054318,0.9840334006175664,0.9958248085280657,0.998117053614993,0.7680211469891739,0.9799566063023799,0.9947442889048231,0.997627619606397
2,Ey(kx),2.377777777777778,1,2,327.800533067385,3.784924623115578,250.9721380878349,0.848570446518589,0.9533191239779633,0.9628203140014701,0.9664069793414541,0.6145598996164209,0.8287657820951438,0.8610424290639558,0.8740011722336385,0.23267707091719986,0.11391950948628796,0.1554840743960138,0.3170890171271275
2,Ey(kx),2.377777777777778,2,1,347.8435636888622,3.566834170854271,5410.553609517445,0.855146581063552,0.9867793549276357,0.9965368079412725,0.9984376363061029,0.8191981760054318,0.9840334006175664,0.9958248085280657,0.998117053614993,0.7680211469891739,0.9799566063023799,0.9947442889048231,0.997627619606397
2,Ey(kx),2.377777777777778,2,2,327.800533067385,3.784924623115578,250.97213808783482,0.8485704465185893,0.9533191239779633,0.9628203140014698,0.9664069793414543,0.6145598996164209,0.8287657820951437,0.8610424290639555,0.8740011722336384,0.23267707091719975,0.11391950948628748,0.15548407439601275,0.3170890171271274
