structure,pol,delta_nm,sphere,peak,lambda_nm,hv_eV,Pabs_peak_eVps,Ne_eps0.5_tau100fs,Ne_eps0.5_tau500fs,Ne_eps0.5_tau1000fs,Ne_eps0.5_max_over_tau,Ne_eps1.0_tau100fs,Ne_eps1.0_tau500fs,Ne_eps1.0_tau1000fs,Ne_eps1.0_max_over_tau,Ne_eps2.0_tau100fs,Ne_eps2.0_tau500fs,Ne_eps2.0_tau1000fs,Ne_eps2.0_max_over_tau
2,Ey(kx),2.688888888888889,1,1,346.47679133645016,3.5809045226130647,5357.057537322507,0.5879237987003395,0.45666174655138664,0.44212415406975847,0.6325003763404946,0.36941215571239583,0.17118345952675051,0.15770652785959768,0.4842750041906143,0.3227244521224919,0.15134601583356433,0.13948744934263835,0.41152630110448385
2,Ey(kx),2.688888888888889,1,2,327.800533067385,3.784924623115578,219.90595322137182,0.8481455405100342,0.9527903370336338,0.9617792471844454,0.9648922281481298,0.6134891420744923,0.8268181402038367,0.8571443401976593,0.8683130337716131,0.2306021993931543,0.10396700727419553,0.1323804141132839,0.3160447314144545
2,Ey(kx),2.688888888888889,2,1,346.47679133645016,3.5809045226130647,5357.057537322506,0.5879237987003397,0.4566617465513867,0.4421241540697585,0.6325003763404949,0.3694121557123959,0.17118345952675051,0.1577065278595977,0.4842750041906145,0.322724452122492,0.15134601583356433,0.1394874493426384,0.411526301104484
2,Ey(kx),2.688888888888889,2,2,327.800533067385,3.784924623115578,219.90595322137156,0.8481455405100341,0.9527903370336339,0.9617792471844452,0.9648922281481296,0.6134891420744923,0.8268181402038367,0.8571443401976591,0.8683130337716126,0.23060219939315418,0.10396700727419515,0.13238041411328308,0.3160447314144544
