structure,pol,delta_nm,sphere,peak,lambda_nm,hv_eV,Pabs_peak_eVps,Ne_eps0.5_tau100fs,Ne_eps0.5_tau500fs,Ne_eps0.5_tau1000fs,Ne_eps0.5_max_over_tau,Ne_eps1.0_tau100fs,Ne_eps1.0_tau500fs,Ne_eps1.0_tau1000fs,Ne_eps1.0_max_over_tau,Ne_eps2.0_tau100fs,Ne_eps2.0_tau500fs,Ne_eps2.0_tau1000fs,Ne_eps2.0_max_over_tau
2,Ey(kx),0.5111111111111111,1,1,376.02705072548645,3.2994974874371854,4663.340910037616,0.8142053910494117,0.9109907274151969,0.9158363755778801,0.9167336118258406,0.7925702038066388,0.9017601203752195,0.9073022250181094,0.9083324956889738,0.6214650617572254,0.8214585078798274,0.832743011777864,0.8348765761992399
2,Ey(kx),0.5111111111111111,1,2,337.2020779928358,3.679396984924623,1708.5392560301464,0.8908420271257176,0.9606624962651128,0.9634781647198509,0.9640070860117435,0.8759516104030239,0.9552874566860796,0.958487662122464,0.9590888229712831,0.8270985761494213,0.9330329591572907,0.9375719104509228,0.9384254375946626
2,Ey(kx),0.5111111111111111,2,1,376.02705072548645,3.2994974874371854,4663.340910037617,0.8142053910494119,0.910990727415197,0.9158363755778802,0.916733611825841,0.792570203806639,0.9017601203752195,0.9073022250181095,0.9083324956889742,0.6214650617572254,0.8214585078798277,0.832743011777864,0.8348765761992403
2,Ey(kx),0.5111111111111111,2,2,337.2020779928358,3.679396984924623,1708.5392560301473,0.8908420271257176,0.9606624962651129,0.9634781647198509,0.9640070860117435,0.8759516104030239,0.9552874566860797,0.958487662122464,0.9590888229712831,0.8270985761494213,0.9330329591572908,0.9375719104509228,0.9384254375946626
