structure,pol,delta_nm,sphere,peak,lambda_nm,hv_eV,Pabs_peak_eVps,Ne_eps0.5_tau100fs,Ne_eps0.5_tau500fs,Ne_eps0.5_tau1000fs,Ne_eps0.5_max_over_tau,Ne_eps1.0_tau100fs,Ne_eps1.0_tau500fs,Ne_eps1.0_tau1000fs,Ne_eps1.0_max_over_tau,Ne_eps2.0_tau100fs,Ne_eps2.0_tau500fs,Ne_eps2.0_tau1000fs,Ne_eps2.0_max_over_tau
2,Ey(kx),0.8222222222222222,1,1,364.3733198145725,3.405025125628141,5083.621597162817,0.856001835799541,0.9304797307156503,0.9397487892062848,0.9417757561959444,0.8487951804387048,0.9291832676375777,0.9387338967277488,0.9408151149193276,0.8197098209204464,0.92338982866467,0.9341699738755171,0.9364898792346571
2,Ey(kx),0.8222222222222222,1,2,332.748465641987,3.728643216080402,1085.3401678444955,0.9251804348492382,0.9791887803594302,0.981663678899175,0.9819087300749786,0.9124979504900732,0.9757317531742149,0.9787830785518532,0.9792217710956032,0.7208342793910592,0.8818500429496148,0.8762208264958155,0.8847920637544705
2,Ey(kx),0.8222222222222222,2,1,364.3733198145725,3.405025125628141,5083.621597162816,0.8560018357995411,0.9304797307156502,0.939748789206285,0.9417757561959443,0.848795180438705,0.9291832676375775,0.9387338967277489,0.9408151149193273,0.8197098209204466,0.9233898286646698,0.9341699738755174,0.936489879234657
2,Ey(kx),0.8222222222222222,2,2,332.748465641987,3.728643216080402,1085.340167844495,0.9251804348492381,0.9791887803594302,0.9816636788991753,0.9819087300749783,0.9124979504900731,0.9757317531742149,0.9787830785518534,0.9792217710956028,0.7208342793910589,0.8818500429496148,0.8762208264958158,0.8847920637544704
